[
  {
    "team": "The Slag Brothers",
    "car": "The Boulder Mobile"
  },
  {
    "team": "Rufus Ruffcut and Sawtooth",
    "car": "The Buzzwagon"
  },
  {
    "team": "The Ant Hill Mob",
    "car": "The Bulletproof Bomb"
  },
  {
    "team": "The Gruesome Twosome",
    "car": "The Creepy Coupe"
  },
  {
    "team": "Penelope Pitstop",
    "car": "The Compact Pussycat"
  },
  {
    "team": "The Red Max",
    "car": "The Crimson Haybaler"
  },
  {
    "team": "Professor Pat Pending",
    "car": "The Convert-A-Car"
  },
  {
    "team": "Luke and Blubber Bear",
    "car": "The Arkansas Chuggabug"
  },
  {
    "team": "Peter Perfect",
    "car": "The Turbo Terrific"
  },
  {
    "team": "Sergeant Blast and Private Meekly",
    "car": "The Army Surplus Special"
  },
  {
    "team": "Dick Dastardly and Muttley",
    "car": "The Mean Machine"
  }
]